theta,epsilon,epsilon_inverse,V_standard,Vstar_delta,Vstar_rho,shot_coefficient,R_opt_at_x_fixed
1.199999999999999956e+00,9.999990892431925849e-01,1.000000910757636863e+00,9.980525002232851772e-01,1.460938728068305048e-01,3.379303083669473601e-02,9.642594693865904620e-01,8.124206529087105082e+02
5.386098380143292674e-01,9.624983652212809604e-01,1.038962803609642771e+00,1.071501374003754670e+00,1.540688444817575886e-01,6.993939670344412329e-02,1.001561977300310602e+00,8.062718584616634416e+02
4.802515609680029218e-01,9.264031027159232989e-01,1.079443707677914421e+00,1.139541046064727281e+00,1.470336042247318009e-01,7.694216729823528944e-02,1.062598878766491950e+00,8.501124471442421964e+02
4.433450625054390914e-01,8.916614700602985000e-01,1.121501863181746605e+00,1.202568132634703746e+00,1.404907548268532758e-01,8.164649069054064068e-02,1.120921641944163216e+00,8.932309324372760102e+02
4.157347806272395641e-01,8.582227063931081590e-01,1.165198721206929688e+00,1.260951730505725843e+00,1.343088091716919397e-01,8.513094183299070583e-02,1.175820788672735207e+00,9.356605480018497474e+02
3.934330372474868498e-01,8.260379525968045700e-01,1.210598129125076250e+00,1.315033768521128854e+00,1.284506508653206203e-01,8.785220725330999958e-02,1.227181561267818743e+00,9.774313311281938468e+02
3.746040936073817273e-01,7.950601794466274352e-01,1.257766425550344458e+00,1.365131007664326157e+00,1.228925030404311725e-01,9.005131843312694229e-02,1.275079689231199298e+00,1.018605387817324186e+03
3.582422112806327164e-01,7.652441216044137962e-01,1.306772534107672801e+00,1.411536889015013729e+00,1.176142506997640558e-01,9.187208487733275475e-02,1.319664804137681058e+00,1.059258222718522575e+03
3.437332030167887797e-01,7.365462132679496676e-01,1.357688060825326559e+00,1.454523247702195432e+00,1.125977389666215078e-01,9.340742695066876766e-02,1.361115820751526595e+00,1.099468284542468609e+03
3.306728610618146491e-01,7.089245264924237677e-01,1.410587393481423035e+00,1.494341900831030356e+00,1.078263660302310606e-01,9.472086877544243222e-02,1.399621032055587966e+00,1.139312193835316975e+03
3.187801499561263574e-01,6.823386941833198271e-01,1.465547840866453955e+00,1.531226143044698507e+00,1.032849099128245185e-01,9.585771259641708009e-02,1.435368430448281440e+00,1.178862784094152630e+03
3.078512821032040603e-01,6.567498787882715128e-01,1.522649690998097993e+00,1.565392071872558244e+00,9.895940573968453613e-02,9.685134571107026358e-02,1.468540726161488008e+00,1.218188395835361689e+03
2.977334642022942957e-01,6.321206846033522453e-01,1.581976392099061490e+00,1.597039895007323684e+00,9.483702258406739860e-02,9.772703390199136142e-02,1.499312861105332351e+00,1.257352871016388917e+03
2.883089981181698458e-01,6.084151240625264023e-01,1.643614631606742815e+00,1.626355072383374401e+00,9.090595599019835049e-02,9.850431590125682813e-02,1.527850756482117545e+00,1.296415747110536586e+03
2.794851604485806829e-01,5.855985608542750853e-01,1.707654469883247872e+00,1.653509407633995343e+00,8.715532461472433323e-02,9.919857873795351333e-02,1.554310828896041885e+00,1.335432600460457934e+03
2.711875075278269986e-01,5.636376577414679012e-01,1.774189474860611515e+00,1.678662055328310032e+00,8.357507695578708651e-02,9.982212863199818598e-02,1.578839926696311791e+00,1.374455418397445783e+03
2.633552961595912456e-01,5.425003236105279125e-01,1.843316872780191185e+00,1.701960456674326494e+00,8.015590746709087833e-02,1.003849398201588777e-01,1.601575516854167658e+00,1.413532970969323742e+03
2.559382669621289019e-01,5.221556741714712402e-01,1.915137667682624834e+00,1.723541193350308198e+00,7.688918394551673419e-02,1.008951905535970944e-01,1.622646002796711118e+00,1.452711138141921765e+03
2.488943226185491853e-01,5.025739815526053533e-01,1.989756805377574267e+00,1.743530792604578217e+00,7.376688139246637133e-02,1.013596553299879049e-01,1.642171137274590409e+00,1.492033229936097541e+03
2.421878224636821175e-01,4.837266353138132136e-01,2.067283310440946043e+00,1.762046462893489318e+00,7.078152511600950547e-02,1.017839967297104187e-01,1.660262466163778816e+00,1.531540257128454186e+03
2.357883006277445292e-01,4.655860943719239975e-01,2.147830470214108889e+00,1.779196785976510986e+00,6.792613888805357214e-02,1.021729864535341065e-01,1.677023799522976866e+00,1.571271193626834929e+03
2.296694935197838849e-01,4.481258539236065985e-01,2.231515970891679856e+00,1.795082345181392425e+00,6.519420114986745896e-02,1.025306746874235786e-01,1.692551670493968929e+00,1.611263183560211019e+03
2.238085838675338279e-01,4.313204010536731969e-01,2.318462093508905753e+00,1.809796319436276946e+00,6.257960434073471523e-02,1.028605220007516724e-01,1.706935797435525259e+00,1.651551750799677620e+03
2.181856110886017663e-01,4.151451804412086277e-01,2.408795879401077311e+00,1.823425025668877986e+00,6.007662006965783230e-02,1.031655028899971793e-01,1.720259522778880834e+00,1.692170968054324248e+03
2.127830023856423780e-01,3.995765567137622432e-01,2.502649325136341307e+00,1.836048425448413957e+00,5.767986743394118432e-02,1.034481881260607139e-01,1.732600237322353243e+00,1.733153617586565133e+03
2.075851981666782253e-01,3.845917818925691511e-01,2.600159564198221140e+00,1.847740591249597220e+00,5.538428530294332158e-02,1.037108107311423139e-01,1.744029780518454809e+00,1.774531325864616065e+03
2.025783478204025712e-01,3.701689606044459291e-01,2.701469076086520094e+00,1.858570141231162376e+00,5.318510700433875388e-02,1.039553194085381105e-01,1.754614821822624293e+00,1.816334692476585587e+03
1.977500620459293479e-01,3.562870189613775995e-01,2.806725888905883703e+00,1.868600640115565703e+00,5.107783795716616670e-02,1.041834220671147282e-01,1.764417218048450975e+00,1.858593399961476280e+03
1.930892083355490729e-01,3.429256727311308373e-01,2.916083803337888192e+00,1.877890971959410571e+00,4.905823526503536036e-02,1.043966215977041173e-01,1.773494350361706440e+00,1.901336317962962312e+03
1.885857420814242014e-01,3.300653990528673587e-01,3.029702607027365602e+00,1.886495683806367341e+00,4.712228964763607447e-02,1.045962454174174106e-01,1.781899438388949930e+00,1.944591590373192048e+03
1.842305642077211592e-01,3.176874054123520752e-01,3.147748330476052292e+00,1.894465306615515043e+00,4.526620852841534842e-02,1.047834701070443492e-01,1.789681836508470791e+00,1.988386726547070339e+03
1.800154042730074122e-01,3.057736081000536066e-01,3.270393433277555495e+00,1.901846647209747498e+00,4.348640191809468453e-02,1.049593419053423959e-01,1.796887305304405213e+00,2.032748655625819538e+03
1.759327169018482795e-01,2.943065975067972184e-01,3.397817135162606306e+00,1.908683067589924232e+00,4.177946752603061559e-02,1.051247941511186945e-01,1.803558273438805593e+00,2.077703824486084613e+03
1.719755980630278958e-01,2.832696181433828064e-01,3.530205627254487943e+00,1.915014735203542928e+00,4.014217913450499747e-02,1.052806618419032114e-01,1.809734073361639606e+00,2.123278241613835235e+03
1.681377116377096304e-01,2.726465436044228641e-01,3.667752346242389994e+00,1.920878858531923861e+00,3.857147513883023987e-02,1.054276940815476182e-01,1.815451164450376353e+00,2.169497536004816084e+03
1.644132262199429484e-01,2.624218523123496016e-01,3.810658263358885467e+00,1.926309905356098806e+00,3.706444802356894525e-02,1.055665647026604592e-01,1.820743340653438347e+00,2.216387012735326152e+03
1.607967607507700680e-01,2.525806048317313923e-01,3.959132177493191573e+00,1.931339804553408701e+00,3.561833479517665518e-02,1.056978813584037030e-01,1.825641923195004956e+00,2.263971702006357646e+03
1.572833352318850908e-01,2.431084163086690841e-01,4.113391116539228953e+00,1.935998135800236053e+00,3.423050734243569121e-02,1.058221934164487871e-01,1.830175942383787335e+00,2.312276434590342433e+03
1.538683359597058098e-01,2.339914524699157061e-01,4.273660381370426364e+00,1.940312294332695142e+00,3.289846681687130098e-02,1.059399984848552329e-01,1.834372295847839895e+00,2.361325798315725024e+03
1.505474732219644063e-01,2.252163920095402450e-01,4.440174141310458289e+00,1.944307660169852126e+00,3.161983358663580240e-02,1.060517484892117834e-01,1.838255911680640287e+00,2.411144262588793481e+03
1.473167497095692058e-01,2.167704071981727543e-01,4.613175815487554843e+00,1.948007746146756869e+00,3.039234032681517594e-02,1.061578547461015654e-01,1.841849891400655359e+00,2.461756223676776244e+03
1.441724398116107919e-01,2.086411635672462683e-01,4.792918055586351755e+00,1.951434327491298415e+00,2.921382827162132337e-02,1.062586921597516720e-01,1.845175635331546715e+00,2.513185929936052617e+03
1.411110560399060909e-01,2.008167781406257069e-01,4.979663598126902180e+00,1.954607579816597385e+00,2.808223779844284604e-02,1.063546033919456069e-01,1.848252976424651806e+00,2.565457655982633696e+03
1.381293342577826488e-01,1.932858201595454295e-01,5.173685266588941900e+00,1.957546189464665520e+00,2.699560550664659858e-02,1.064459020294463293e-01,1.851100287435219149e+00,2.618595622859334981e+03
1.352242104636833253e-01,1.860372842801529814e-01,5.375266597066118202e+00,1.960267467197938984e+00,2.595205758910130653e-02,1.065328756917078984e-01,1.853734591506231100e+00,2.672624091772776410e+03
1.323928059129123036e-01,1.790605803926189621e-01,5.584702103653076399e+00,1.962787447264439100e+00,2.494980586710966036e-02,1.066157885870971517e-01,1.856171658677342018e+00,2.727567350780024753e+03
1.296324106341340543e-01,1.723455153123744088e-01,5.802297774836268296e+00,1.965120982475736744e+00,2.398714288275036882e-02,1.066948838686167245e-01,1.858426098607119936e+00,2.783449759790942608e+03
1.269404691873131930e-01,1.658822767913979979e-01,6.028371561704149784e+00,1.967281831559529071e+00,2.306243753727430998e-02,1.067703857010649932e-01,1.860511445858464175e+00,2.840295785888253704e+03
1.243145697732493671e-01,1.596614227651109719e-01,6.263253719536056252e+00,1.969282738551439760e+00,2.217413166674546410e-02,1.068425010417443366e-01,1.862440237509695340e+00,2.898129996304097858e+03
1.217524282672594882e-01,1.536738562094740468e-01,6.507287736938755174e+00,1.971135511049131095e+00,2.132073473305420158e-02,1.069114213918872097e-01,1.864224089657243955e+00,2.956977190090991826e+03
1.192518871078902115e-01,1.479108329539772226e-01,6.760830021903481146e+00,1.972851082699359271e+00,2.050082337083552336e-02,1.069773239961302330e-01,1.865873758703229024e+00,3.016862220638913186e+03
1.168109014135991913e-01,1.423639372749272436e-01,7.024250797930954526e+00,1.974439581243794706e+00,1.971303646957451097e-02,1.070403732667415397e-01,1.867399207977053166e+00,3.077810114006500044e+03
1.144275251011707545e-01,1.370250570005265844e-01,7.297935296579785458e+00,1.975910391286168188e+00,1.895607033069857117e-02,1.071007220770325286e-01,1.868809669209135604e+00,3.139846237180276148e+03
1.120999114619476850e-01,1.318863901955866780e-01,7.582283498069863903e+00,1.977272203824630203e+00,1.822867842284421960e-02,1.071585125813458300e-01,1.870113691243284304e+00,3.202996124018154205e+03
1.098263065910065894e-01,1.269404338360013984e-01,7.877710590558824499e+00,1.978533067520046096e+00,1.752966867178408494e-02,1.072138771415774988e-01,1.871319190378468500e+00,3.267285473440766964e+03
1.076050371859186561e-01,1.221799596075197059e-01,8.184648310674788263e+00,1.979700439379106225e+00,1.685789902984588876e-02,1.072669393074059535e-01,1.872433500071700285e+00,3.332740331133036761e+03
1.054345090081350439e-01,1.175980124815111383e-01,8.503545076131459268e+00,1.980781226027577890e+00,1.621227635524321101e-02,1.073178144618666813e-01,1.873463411565711167e+00,3.399386996830514818e+03
1.033131998783935052e-01,1.131878966162396249e-01,8.834866888554982367e+00,1.981781825192598490e+00,1.559175357593974541e-02,1.073666105399938009e-01,1.874415214652604744e+00,3.467252095217282204e+03
1.012396530318079302e-01,1.089431618366880627e-01,9.179098376996403630e+00,1.982708163948427416e+00,1.499532701078801211e-02,1.074134286787681025e-01,1.875294735269659396e+00,3.536362663151407560e+03
9.921248240483514225e-02,1.048576139149816067e-01,9.536741898502462789e+00,1.983565729201385963e+00,1.442203709721799967e-02,1.074583635506592416e-01,1.876107365650726777e+00,3.606745844389794001e+03
9.723035695969119152e-02,1.009252814269199217e-01,9.908320153896234217e+00,1.984359605235278323e+00,1.387096307515772731e-02,1.075015041281018047e-01,1.876858101107176546e+00,3.678429287813399242e+03
9.529200357962605561e-02,9.714042050776394710e-02,1.029437586097411383e+01,1.985094500576899623e+00,1.334122305272166485e-02,1.075429339866512540e-01,1.877551566590248466e+00,3.751440945145429396e+03
9.339619689238379263e-02,9.349749323294453962e-02,1.069547391509789236e+01,1.985774778186964129e+00,1.283197042227785141e-02,1.075827318599994198e-01,1.878192046326964793e+00,3.825809344601635530e+03
9.154176918065834445e-02,8.999118474914380439e-02,1.111219952029261648e+01,1.986404476276603770e+00,1.234239574256927770e-02,1.076209717372407088e-01,1.878783504539363047e+00,3.901563103561280968e+03
8.972759253565372461e-02,8.661636666011851560e-02,1.154516217384165877e+01,1.986987337450225821e+00,1.187172114640738969e-02,1.076577235174164260e-01,1.879329613932809284e+00,3.978731526443630628e+03
8.795258971177749574e-02,8.336811513681519070e-02,1.199499350991566438e+01,1.987526826053532147e+00,1.141920243363060000e-02,1.076930530394988872e-01,1.879833773014033316e+00,4.057344067481202273e+03
8.621571644715030069e-02,8.024167557079786572e-02,1.246235192481358567e+01,1.988026153328377177e+00,1.098412374019367213e-02,1.077270226708930412e-01,1.880299130657484108e+00,4.137431001394298619e+03
8.451596998562946328e-02,7.723247590294346487e-02,1.294792104368996810e+01,1.988488292720103523e+00,1.056579902755058580e-02,1.077596913444562876e-01,1.880728601375647235e+00,4.219022988344490841e+03
8.285239612603371995e-02,7.433613545182571336e-02,1.345240768734958259e+01,1.988915995244652013e+00,1.016357295885891160e-02,1.077911146263199477e-01,1.881124880618332051e+00,4.302150601568253478e+03
8.122405723124721810e-02,7.154840588490740672e-02,1.397655178521513974e+01,1.989311813552501196e+00,9.776812380322987689e-03,1.078213455025112261e-01,1.881490468049989984e+00,4.386845817377552521e+03
7.963006477817261008e-02,6.886522511500337007e-02,1.452111712885600170e+01,1.989678107963290365e+00,9.404913514455931836e-03,1.078504339247965821e-01,1.881827674038493825e+00,4.473140324034769947e+03
7.806955168034178383e-02,6.628266648789149507e-02,1.508690058784342725e+01,1.990017066861998751e+00,9.047294635622938827e-03,1.078784274788229802e-01,1.882138639383175827e+00,4.561066858437920018e+03
7.654168357649976384e-02,6.379695527581852321e-02,1.567472923553513375e+01,1.990330716354360874e+00,8.703398109047921077e-03,1.079053713098755835e-01,1.882425345044485221e+00,4.650658562658320079e+03
7.504565922492224816e-02,6.140446576499114517e-02,1.628546047167363042e+01,1.990620931996455623e+00,8.372689751013684401e-03,1.079313082480739816e-01,1.882689623748381669e+00,4.741948850776734616e+03
7.358069677183209922e-02,5.910169609094750864e-02,1.691998819223680428e+01,1.990889452271964011e+00,8.054655133486025159e-03,1.079562791648442377e-01,1.882933173107119718e+00,4.834972164722453272e+03
7.214604590825522690e-02,5.688528479100929403e-02,1.757923870248514220e+01,1.991137886147309910e+00,7.748801673466303164e-03,1.079803228682646998e-01,1.883157563279045155e+00,4.929763178717860683e+03
7.074098390542434001e-02,5.475200098189292319e-02,1.826417267070678818e+01,1.991367723265601075e+00,7.454657087487920504e-03,1.080034762762399070e-01,1.883364246989361224e+00,5.026356931366734898e+03
6.936479428253357338e-02,5.269870938201326460e-02,1.897579678376929380e+01,1.991580345871115210e+00,7.171764399317458183e-03,1.080257748558312997e-01,1.883554571015283896e+00,5.124790268098907291e+03
6.801679864704986145e-02,5.072241581228420504e-02,1.971514928825245505e+01,1.991777031527586228e+00,6.899688054944683527e-03,1.080472521826482402e-01,1.883729779344937905e+00,5.225099604544911017e+03
6.669634241727891155e-02,4.882024182125255241e-02,2.048330697871876183e+01,1.991958963098928947e+00,6.638010271515005535e-03,1.080679402633163561e-01,1.883891022835612494e+00,5.327321761626351872e+03
6.540278614021463599e-02,4.698940931468198468e-02,2.128139115993413810e+01,1.992127236774107857e+00,6.386328785550413056e-03,1.080878697447253955e-01,1.884039367029382461e+00,5.431494571918319707e+03
6.413549841940011098e-02,4.522722864195327652e-02,2.211057431611869717e+01,1.992282869051130278e+00,6.144255092614397430e-03,1.081070700816426922e-01,1.884175798969487614e+00,5.537657501580592907e+03
6.289387986957650778e-02,4.353112964294725273e-02,2.297206638564722425e+01,1.992426799542039717e+00,5.911418596015011531e-03,1.081255692319907091e-01,1.884301230310049036e+00,5.645849656409835006e+03
6.167735433183590965e-02,4.189864561278022759e-02,2.386711993609103288e+01,1.992559897825689097e+00,5.687464287882236860e-03,1.081433938603754419e-01,1.884416503965313572e+00,5.756110311189689128e+03
6.048534313386667166e-02,4.032737640216221831e-02,2.479705076838034472e+01,1.992682971236503509e+00,5.472047586014120758e-03,1.081605697672174682e-01,1.884522401469286068e+00,5.868481224325189942e+03
5.931729628100829155e-02,3.881502816114057453e-02,2.576321717064072203e+01,1.992796766018327892e+00,5.264839693226862523e-03,1.081771214781759305e-01,1.884619644540151961e+00,5.983003829524961475e+03
5.817268524565689936e-02,3.735940028694562098e-02,2.676702496076809012e+01,1.992901972677205036e+00,5.065525714237227063e-03,1.081930724063969451e-01,1.884708900270808174e+00,6.099719702880238401e+03
5.705098948492860061e-02,3.595836563917931272e-02,2.780994025241307455e+01,1.992999231284181327e+00,4.873801863248044750e-03,1.082084450869860437e-01,1.884790786197195311e+00,6.218671847974909724e+03
5.595169193413747355e-02,3.460986348532413270e-02,2.889349738186737326e+01,1.993089135374811249e+00,4.689374426124958729e-03,1.082232612707920982e-01,1.884865874104019179e+00,6.339905294410600618e+03
5.487431116111694124e-02,3.331193676488153343e-02,3.001926928050099619e+01,1.993172232751096562e+00,4.511964785726037437e-03,1.082375415287515075e-01,1.884934691222345027e+00,6.463463535150805910e+03
5.381837135082948032e-02,3.206269227665026200e-02,3.118889678295208512e+01,1.993249031297215090e+00,4.341303907263973499e-03,1.082513057006076335e-01,1.884997725596607498e+00,6.589391642008050439e+03
5.278338760675852642e-02,3.086028242395832955e-02,3.240411044403312246e+01,1.993320002744245478e+00,4.177129788063982038e-03,1.082645731074823592e-01,1.885055429636763202e+00,6.717738246994622386e+03
5.176892566288868874e-02,2.970297287900702798e-02,3.366666374013906449e+01,1.993385581249630389e+00,4.019196640019330989e-03,1.082773618145134314e-01,1.885108219435116972e+00,6.848548192470546383e+03
5.077453413633641055e-02,2.858906134901928464e-02,3.497841316970358605e+01,1.993446170683653929e+00,3.867263742401323701e-03,1.082896895344125504e-01,1.885156481149241392e+00,6.981870786325875997e+03
4.979979282560582227e-02,2.751693120004572446e-02,3.634126177552598591e+01,1.993502143765168544e+00,3.721102711763327100e-03,1.083015730418881994e-01,1.885200570723280400e+00,7.117753644467821687e+03
4.884426727548607516e-02,2.648499892010025558e-02,3.775722260804285924e+01,1.993553846972241583e+00,3.580490290341751917e-03,1.083130287608335407e-01,1.885240818211407987e+00,7.256248828748424785e+03
4.790755300595950228e-02,2.549176120553608982e-02,3.922836056469994759e+01,1.993601599978887862e+00,3.445214722738427528e-03,1.083240722473207407e-01,1.885277527731567204e+00,7.397406731807395772e+03
4.698926703407367567e-02,2.453578250196808419e-02,4.075680080387846260e+01,1.993645698232774155e+00,3.315074012264161794e-03,1.083347183302911104e-01,1.885310979902482975e+00,7.541276839158454095e+03
4.608900662575629581e-02,2.361565043349866944e-02,4.234480023389512837e+01,1.993686416650834570e+00,3.189869815898119590e-03,1.083449816111043129e-01,1.885341435039730174e+00,7.687914178934863230e+03
4.520639288192549593e-02,2.273002022557291113e-02,4.399468148624557529e+01,1.993724009027428412e+00,3.069413458799883070e-03,1.083548759719991789e-01,1.885369133055429192e+00,7.837372699550374819e+03
4.434107468960157838e-02,2.187761557324952033e-02,4.570882035347274552e+01,1.993758709568693721e+00,2.953526014377496744e-03,1.083644145668281183e-01,1.885394295001865617e+00,7.989704075118864239e+03
4.349266648720007122e-02,2.105716576475624713e-02,4.748977194612380970e+01,1.993790736767088845e+00,2.842029725160456679e-03,1.083736105260508370e-01,1.885417126241037966e+00,8.144968627841103626e+03
4.266083649920374837e-02,2.026749099767466422e-02,4.934009839277749165e+01,1.993820291151730206e+00,2.734759572849512852e-03,1.083824760029406253e-01,1.885437815148789609e+00,8.303219731749532002e+03
4.184522140544488789e-02,1.950741813394929469e-02,5.126255013007962447e+01,1.993847559733786134e+00,2.631551801887000146e-03,1.083910231181683947e-01,1.885456536615617740e+00,8.464519328449061504e+03
4.104551581411103323e-02,1.877586379654005988e-02,5.325986654122810648e+01,1.993872713971039046e+00,2.532255181182180986e-03,1.083992630267641283e-01,1.885473450944274987e+00,8.628920675033205043e+03
4.026137293595981326e-02,1.807174040313508367e-02,5.533501354559741969e+01,1.993895914110705103e+00,2.436718221147986686e-03,1.084072069747200745e-01,1.885488707135984932e+00,8.796487955454560506e+03
3.949246886326258921e-02,1.739401507439441996e-02,5.749103905699676176e+01,1.993917307947483675e+00,2.344797151633652276e-03,1.084148656366183405e-01,1.885502442310865279e+00,8.967283717771097145e+03
3.873850401731613463e-02,1.674170828976007108e-02,5.973106105376604802e+01,1.993937031805059767e+00,2.256355715198725149e-03,1.084222491289224405e-01,1.885514782676137369e+00,9.141367887569471350e+03
3.799917425473351568e-02,1.611386697169026050e-02,6.205835022449023342e+01,1.993955212168300850e+00,2.171261496803616759e-03,1.084293673132533248e-01,1.885525844855047595e+00,9.318804040221451942e+03
3.727417992119130136e-02,1.550957169635813759e-02,6.447631305220464526e+01,1.993971966135879237e+00,2.089386885061827147e-03,1.084362297144938342e-01,1.885535736421385389e+00,9.499657593341373286e+03
3.656322486426125812e-02,1.492793491287025542e-02,6.698850214960683047e+01,1.993987402119521413e+00,2.010608814599434881e-03,1.084428455401897778e-01,1.885544556579331621e+00,9.683996162251802161e+03
3.586603503210263749e-02,1.436811484615241330e-02,6.959855281695402596e+01,1.994001620101678585e+00,1.934810632820050834e-03,1.084492235210837430e-01,1.885552396580594925e+00,9.871884600442150258e+03
3.518232181294871780e-02,1.382928462467658548e-02,7.231032024719689844e+01,1.994014713010062501e+00,1.861877904263122344e-03,1.084553722612542348e-01,1.885559340748808266e+00,1.006339462384713261e+04
3.451182593070380861e-02,1.331066640406519674e-02,7.512771860127085688e+01,1.994026766379778159e+00,1.791703016939321432e-03,1.084612998479998203e-01,1.885565466531778256e+00,1.025859289131777768e+04
3.385427066923314687e-02,1.281149350059640479e-02,7.805491217346734345e+01,1.994037859760992237e+00,1.724180044043513481e-03,1.084670142825819722e-01,1.885570845478410362e+00,1.045755410454212688e+04
3.320939913514558972e-02,1.233103858195661040e-02,8.109616990926051017e+01,1.994048066495607063e+00,1.659208547188155804e-03,1.084725231569576426e-01,1.885575543338649407e+00,1.066035040512736487e+04
3.257697459084934327e-02,1.186861197555288960e-02,8.425585081556394584e+01,1.994057454225116821e+00,1.596693334095883711e-03,1.084778336707422908e-01,1.885579620554374447e+00,1.086705041167915260e+04
3.195671339628205349e-02,1.142351211866632354e-02,8.753875249678891635e+01,1.994066086264124849e+00,1.536537750209132809e-03,1.084829531991405444e-01,1.885583133064984374e+00,1.107774145905423393e+04
3.134840357283302098e-02,1.099511090227367482e-02,9.094951464229527005e+01,1.994074020249316126e+00,1.478655205381754082e-03,1.084878883109252207e-01,1.885586131938390864e+00,1.129249038495513014e+04
3.075179883966460206e-02,1.058277588448930384e-02,9.449316615177070844e+01,1.994081310023718911e+00,1.422958649812709276e-03,1.084926456607829964e-01,1.885588664362935818e+00,1.151137864233038090e+04
3.016667074595838841e-02,1.018590709375133407e-02,9.817485971509222509e+01,1.994088005219070148e+00,1.369365539810287824e-03,1.084972315647383112e-01,1.885590773654331809e+00,1.173448475099165989e+04
2.959278354382183576e-02,9.803918853621973462e-03,1.020000282469248134e+02,1.994094151864599374e+00,1.317795374509239887e-03,1.085016522083323831e-01,1.885592499656266963e+00,1.196189350396878399e+04
2.902992033173746808e-02,9.436256700616429960e-03,1.059742259803799413e+02,1.994099792368254853e+00,1.268171972693432105e-03,1.085059134496068611e-01,1.885593878918647937e+00,1.219368591986592764e+04
2.847785466119464801e-02,9.082377756207349329e-03,1.101033261159557242e+02,1.994104966078060537e+00,1.220420815730540245e-03,1.085100210447903640e-01,1.885594945033270076e+00,1.242995050729128707e+04
2.793638627996493720e-02,8.741773148970399809e-03,1.143932681572478600e+02,1.994109709172773082e+00,1.174472066790776441e-03,1.085139803867861408e-01,1.885595728785987024e+00,1.267076822448695020e+04
2.740530524842808152e-02,8.413944114008642394e-03,1.188503258935447775e+02,1.994114055229101234e+00,1.130257339116004338e-03,1.085177967809912714e-01,1.885596258448110074e+00,1.291622750461780561e+04
2.688440795640530123e-02,8.098411782946346449e-03,1.234810018065273312e+02,1.994118035265708855e+00,1.087711011482097060e-03,1.085214753304491325e-01,1.885596559935259764e+00,1.316641761530463373e+04
2.637347077667882844e-02,7.794700923689723560e-03,1.282922859760778351e+02,1.994121678118694119e+00,1.046768030617810808e-03,1.085250211243238561e-01,1.885596656994370290e+00,1.342144186537548740e+04
2.587233512168965466e-02,7.502389812344190112e-03,1.332908613139018996e+02,1.994125010013817700e+00,1.007370629031001819e-03,1.085284386542423457e-01,1.885596571359575258e+00,1.368137502691736881e+04
2.538079689538292466e-02,7.221043625479151018e-03,1.384841377320504989e+02,1.994128055529448051e+00,9.694593403274567433e-04,1.085317325903735475e-01,1.885596322939074421e+00,1.394631793713103434e+04
2.489865273582468619e-02,6.950242305259091147e-03,1.438798758488351837e+02,1.994130837376752563e+00,9.329767525681305004e-04,1.085349074556509474e-01,1.885595929921101588e+00,1.421637611570905392e+04
2.442572585144863959e-02,6.689594259876141535e-03,1.494858972236852992e+02,1.994133376401775681e+00,8.978693492170706581e-04,1.085379674636630515e-01,1.885595408938112616e+00,1.449164487696368633e+04
2.396183426742372682e-02,6.438717633824087017e-03,1.553104293231879751e+02,1.994135691911854913e+00,8.640849812496035872e-04,1.085409167367200889e-01,1.885594775175134741e+00,1.477222638870702576e+04
2.350682309686758995e-02,6.197257226087660165e-03,1.613617062384389271e+02,1.994137801633384610e+00,8.315751416412069889e-04,1.085437591057956813e-01,1.885594042527588998e+00,1.505821000004072448e+04
2.306049611962207591e-02,5.964847552102470196e-03,1.676488780752700336e+02,1.994139722143590809e+00,8.002899883442049066e-04,1.085464985441066676e-01,1.885593223599484114e+00,1.534971486379136513e+04
2.262271125502025165e-02,5.741162904570384917e-03,1.741807394463457968e+02,1.994141468533511485e+00,7.701850809022728903e-04,1.085491385766433059e-01,1.885592329956868207e+00,1.564682951509233499e+04
2.219326605660951537e-02,5.525857587302507312e-03,1.809673854602825998e+02,1.994143054985984875e+00,7.412133324473004891e-04,1.085516829838152481e-01,1.885591372002169530e+00,1.594968755457211591e+04
2.177202004852250850e-02,5.318628111486645160e-03,1.880184098302152904e+02,1.994144494370885035e+00,7.133333777082423097e-04,1.085541350664853133e-01,1.885590359304399666e+00,1.625838493378230669e+04
2.135882044463955146e-02,5.119174511326707311e-03,1.953439949717275113e+02,1.994145798631314026e+00,6.865043634807560177e-04,1.085564981013226044e-01,1.885589300529991519e+00,1.657302943111886270e+04
2.095348127120275072e-02,4.927190880471443712e-03,2.029554008072684894e+02,1.994146978894824507e+00,6.606846743922671064e-04,1.085587754528032911e-01,1.885588203442021271e+00,1.689375960092976675e+04
2.055587821004806540e-02,4.742410253731121905e-03,2.108632417900251426e+02,1.994148045257475577e+00,6.358379669757261527e-04,1.085609700401629490e-01,1.885587075217312725e+00,1.722067093135366304e+04
2.016587370815926816e-02,4.564567821669585079e-03,2.190787910418711419e+02,1.994149007090276537e+00,6.119282190175770507e-04,1.085630847721719416e-01,1.885585922318104624e+00,1.755387182911187119e+04
1.978327888123774733e-02,4.393384421533252926e-03,2.276149555906625324e+02,1.994149873161322972e+00,5.889175093694613231e-04,1.085651227435502353e-01,1.885584750417772737e+00,1.789352050177990532e+04
1.940797914431935389e-02,4.228623099670647534e-03,2.364835967712247680e+02,1.994150651390344420e+00,5.667736199170468571e-04,1.085670865612882868e-01,1.885583564829056202e+00,1.823971625651266731e+04
1.903983519195006149e-02,4.070043540484125089e-03,2.456976172498271751e+02,1.994151349145346419e+00,5.454639068780633591e-04,1.085689788857063381e-01,1.885582370259640150e+00,1.859258369274634970e+04
1.867870041287114993e-02,3.917410183922886979e-03,2.552706898307498591e+02,1.994151973235400277e+00,5.249563909327262202e-04,1.085708023335571065e-01,1.885581170901843073e+00,1.895225987030441684e+04
1.832443836634629550e-02,3.770499491136947157e-03,2.652168505394658951e+02,1.994152529920297345e+00,5.052207319314300877e-04,1.085725593906354813e-01,1.885579970529661864e+00,1.931887783947720527e+04
1.797692295933182166e-02,3.629099414139025370e-03,2.755504564311424360e+02,1.994153024956795361e+00,4.862281557309937005e-04,1.085742524172104567e-01,1.885578772539584946e+00,1.969256503173410601e+04
1.763603867789263063e-02,3.493008904207450804e-03,2.862861296446926076e+02,1.994153463640857993e+00,4.679513863812969450e-04,1.085758836530523186e-01,1.885577579987805619e+00,2.007344136206873372e+04
1.730160623031311642e-02,3.362008495671586772e-03,2.974412471852610338e+02,1.994153850928097604e+00,4.503606947250079541e-04,1.085774555697698873e-01,1.885576395358327773e+00,2.046170533615900786e+04
1.697356708442524301e-02,3.235932729924617668e-03,3.090299099089415904e+02,1.994154191245137042e+00,4.334336225605296537e-04,1.085789700014436199e-01,1.885575221243693367e+00,2.085742220383063614e+04
1.665173734606577305e-02,3.114573656566865800e-03,3.210712316568813094e+02,1.994154488801918479e+00,4.171420237125276131e-04,1.085804293020687095e-01,1.885574059499849797e+00,2.126081093854325081e+04
1.633604962459239002e-02,2.997773806919346029e-03,3.335808718095536278e+02,1.994154747363145352e+00,4.014645458926053472e-04,1.085818352283949711e-01,1.885572912134750423e+00,2.167195380546383967e+04
1.602637006730032315e-02,2.885356144382900112e-03,3.465776666588495232e+02,1.994154970455375597e+00,3.863772251601958036e-04,1.085831897811796454e-01,1.885571780674196063e+00,2.209102033226161075e+04
1.572257306264526061e-02,2.777152587330355971e-03,3.600810429221997424e+02,1.994155161312736180e+00,3.718573144327625563e-04,1.085844948620855038e-01,1.885570666450650634e+00,2.251817772146138304e+04
1.542454132838736065e-02,2.673003597891909777e-03,3.741109816644690227e+02,1.994155322902049665e+00,3.578832271074281618e-04,1.085857522779936635e-01,1.885569570624056057e+00,2.295358937115053413e+04
1.513216603758147857e-02,2.572757798669278451e-03,3.886879676420514329e+02,1.994155457945764098e+00,3.444344845224591172e-04,1.085869637450286723e-01,1.885568494200735357e+00,2.339741312433127314e+04
1.484534698690738279e-02,2.476271616767999895e-03,4.038329209237506916e+02,1.994155568942882706e+00,3.314916671654344446e-04,1.085881308922903299e-01,1.885567438050592459e+00,2.384979920162596318e+04
1.456399281231623467e-02,2.383408954584220751e-03,4.195671070533706484e+02,1.994155658188088820e+00,3.190363695485097127e-04,1.085892552652951842e-01,1.885566402922793650e+00,2.431088776482180401e+04
1.428798777886557646e-02,2.294030148732639773e-03,4.359140617887956637e+02,1.994155727796626643e+00,3.070497186624598853e-04,1.085903384593345372e-01,1.885565389337292119e+00,2.478086415899412168e+04
1.401720020500791565e-02,2.207995253978078942e-03,4.528995242169701214e+02,1.994155779709215315e+00,2.955128142722438151e-04,1.085913820797349549e-01,1.885564397629480471e+00,2.525995228113111807e+04
1.375158056283110920e-02,2.125194675136277134e-03,4.705451277944104049e+02,1.994155815690576095e+00,2.844108355440768212e-04,1.085923873696912484e-01,1.885563428320884860e+00,2.574823735809772916e+04
1.349099863710532567e-02,2.045497298124310248e-03,4.888786706865781184e+02,1.994155837372764584e+00,2.737260850515946340e-04,1.085933558391300457e-01,1.885562481533634482e+00,2.624595446754859950e+04
1.323534531756463857e-02,1.968782997456508532e-03,5.079279947520425367e+02,1.994155846244376473e+00,2.634423475364955835e-04,1.085942888702333131e-01,1.885561557374143105e+00,2.675331257904000813e+04
1.298456056007438707e-02,1.894950057923505682e-03,5.277183933257872468e+02,1.994155843667427597e+00,2.535458836155112580e-04,1.085951876263859528e-01,1.885560656041041616e+00,2.727042911160374570e+04
1.273854038424152187e-02,1.823887101754850804e-03,5.482795503284447705e+02,1.994155830890427694e+00,2.440216660243010318e-04,1.085960533933114508e-01,1.885559777497116229e+00,2.779751406903100724e+04
1.249718739482992384e-02,1.755488394815873932e-03,5.696420454576037855e+02,1.994155809053457684e+00,2.348554311663213559e-04,1.085968873927787154e-01,1.885558921660678955e+00,2.833477381008404700e+04
1.226041086537619541e-02,1.689653589323603100e-03,5.918372892045385925e+02,1.994155779197801959e+00,2.260336440571054678e-04,1.085976907853848789e-01,1.885558088412417010e+00,2.888240907401810182e+04
1.202812685329078014e-02,1.626287484371435887e-03,6.148974333320301184e+02,1.994155742274727139e+00,2.175434656989014531e-04,1.085984646731441988e-01,1.885557277601582982e+00,2.944061264666203715e+04
1.180025835029755235e-02,1.565299803917619137e-03,6.388552515608885187e+02,1.994155699153497885e+00,2.093727228334118194e-04,1.085992101018794925e-01,1.885556489051618323e+00,3.000956660699633721e+04
1.157673547227098913e-02,1.506604991845961194e-03,6.637439842640866345e+02,1.994155650628695930e+00,2.015098800215927319e-04,1.085999280634362824e-01,1.885555722565259718e+00,3.058943908515026851e+04
1.135740363303223803e-02,1.450098532532306805e-03,6.896083111357269217e+02,1.994155597403456159e+00,1.939408674958781136e-04,1.086006197853767591e-01,1.885554977618079331e+00,3.118063338502681654e+04
1.114225573769550039e-02,1.395717057522949389e-03,7.164775945167219788e+02,1.994155540149558092e+00,1.866571323235527891e-04,1.086012859951687171e-01,1.885554254154389486e+00,3.178317080982770858e+04
1.093119861174984310e-02,1.343377346117335946e-03,7.443924842786919953e+02,1.994155479459512881e+00,1.796474667980178385e-04,1.086019276663589966e-01,1.885553551793153870e+00,3.239730517556898121e+04
1.072412863339084442e-02,1.292996542810231908e-03,7.733972728392408271e+02,1.994155415865759950e+00,1.729007167628127052e-04,1.086025457712897629e-01,1.885552870094470146e+00,3.302333729287871392e+04
1.052098723397372829e-02,1.244505434810139199e-03,8.035320473731472930e+02,1.994155349862889004e+00,1.664075592918316598e-04,1.086031411179490397e-01,1.885552208744939895e+00,3.366144503105749027e+04
1.032173842191813629e-02,1.197842142473759530e-03,8.348345450050873069e+02,1.994155281907700861e+00,1.601596570563717636e-04,1.086037144268720833e-01,1.885551567480828750e+00,3.431173207707047550e+04
1.012620829069684966e-02,1.152915050314340384e-03,8.673665936855900327e+02,1.994155212366030216e+00,1.541446951320346365e-04,1.086042667866882333e-01,1.885550945579341997e+00,3.497476813083532033e+04
9.934399021150223941e-03,1.109675852228542148e-03,9.011640633539226428e+02,1.994155141624774918e+00,1.483561607973057147e-04,1.086047987563456968e-01,1.885550342868429263e+00,3.565055318437698588e+04
9.746238119561783167e-03,1.068060762539957409e-03,9.362763197310030137e+02,1.994155070009413944e+00,1.427854718890993928e-04,1.086053110872649136e-01,1.885549758922149044e+00,3.633933606426711776e+04
9.561647851627370562e-03,1.028006986558249736e-03,9.727560348086576596e+02,1.994154997809769903e+00,1.374241820413242663e-04,1.086058045209664508e-01,1.885549193288803549e+00,3.704139664570036985e+04
9.380555396389121670e-03,9.894549105726735405e-04,1.010657473437797421e+03,1.994154925286623303e+00,1.322642736535456173e-04,1.086062797619828102e-01,1.885548645524640410e+00,3.775701000514888437e+04
9.202892909258394982e-03,9.523479565956005644e-04,1.050036379113725616e+03,1.994154852674525635e+00,1.272981382157864993e-04,1.086067374794845858e-01,1.885548115195041063e+00,3.848644380409687437e+04
9.028597608302154492e-03,9.166324471564513132e-04,1.090949816474606450e+03,1.994154780184361098e+00,1.225185579914913182e-04,1.086071783087911719e-01,1.885547601875569912e+00,3.922995519728270301e+04
8.857611886992581424e-03,8.822574799381976973e-04,1.133455961257534682e+03,1.994154708005676291e+00,1.179186890383910870e-04,1.086076028527721282e-01,1.885547105152904246e+00,3.998778718464981648e+04
8.689883456272775447e-03,8.491748120684761147e-04,1.177613826726836123e+03,1.994154636308813400e+00,1.134920455333116761e-04,1.086080116831421583e-01,1.885546624625671353e+00,4.076016431618946081e+04
8.525327928294218482e-03,8.173315489919952270e-04,1.223493698772899961e+03,1.994154565230538356e+00,1.092315214225462653e-04,1.086084054307592112e-01,1.885546159799779131e+00,4.154747096741969290e+04
8.363845090668673918e-03,7.866737491061259746e-04,1.271174996161077388e+03,1.994154494882225848e+00,1.051298728019722594e-04,1.086087847411499052e-01,1.885545710141075970e+00,4.235019975488710043e+04
8.205467680657952886e-03,7.571740930027992533e-04,1.320700231612788457e+03,1.994154425416799992e+00,1.011834193628349007e-04,1.086091499318832254e-01,1.885545275484916683e+00,4.316818673785858118e+04
8.050089637049539712e-03,7.287803114657265269e-04,1.372155619831160266e+03,1.994154356911660653e+00,9.738514458647325016e-05,1.086095016305807515e-01,1.885544855281079846e+00,4.400196562932258530e+04
7.897625274661508946e-03,7.014458473253437631e-04,1.425626801859418720e+03,1.994154289439014960e+00,9.372879803073361205e-05,1.086098403956540642e-01,1.885544449043360826e+00,4.485200516734779376e+04
7.748097765946071122e-03,6.751448584280117515e-04,1.481163616247292111e+03,1.994154223106743062e+00,9.021090170963759968e-05,1.086101665299857161e-01,1.885544056576757388e+00,4.571816916235036479e+04
7.601354424439271326e-03,6.498217056376542899e-04,1.538883652737829379e+03,1.994154157933332616e+00,8.682399358277172728e-05,1.086104807070725625e-01,1.885543677226260151e+00,4.660134158018396556e+04
7.457415714323008954e-03,6.254523339311868213e-04,1.598842862596178975e+03,1.994154094003662392e+00,8.356483752571844360e-05,1.086107832098396758e-01,1.885543310793822647e+00,4.750140656575102184e+04
7.316238530970153343e-03,6.020024881129293348e-04,1.661122702556688637e+03,1.994154031364887780e+00,8.042883433866994001e-05,1.086110744486764729e-01,1.885542956916211210e+00,4.841861119475789747e+04
7.177657549799217052e-03,5.794192474292136907e-04,1.725866036443961320e+03,1.994153970001395937e+00,7.740889009521341110e-05,1.086113550669634137e-01,1.885542614934432537e+00,4.935404535958827910e+04
7.041744960512300727e-03,5.576898295973631292e-04,1.793111415931634838e+03,1.994153909995035168e+00,7.450327970952853028e-05,1.086116252103857538e-01,1.885542284784649469e+00,5.030723434321728564e+04
6.908435317874708423e-03,5.367796555428849814e-04,1.862961812493854723e+03,1.994153851359435681e+00,7.170736427967349313e-05,1.086118852962286163e-01,1.885541966063207120e+00,5.127860731881506217e+04
6.777645640631474629e-03,5.166527180734403757e-04,1.935536125173067376e+03,1.994153794094210674e+00,6.901631513315456144e-05,1.086121357605023818e-01,1.885541658333708348e+00,5.226875816297096753e+04
6.649282987377687706e-03,4.972729301316869410e-04,2.010968101028909359e+03,1.994153738189146097e+00,6.642529408976764987e-05,1.086123770411624168e-01,1.885541361147983652e+00,5.327841407473006984e+04
6.523365574998265734e-03,4.786219885543063768e-04,2.089331505684754120e+03,1.994153683677283073e+00,6.393184158634849720e-05,1.086126093555363076e-01,1.885541074321746668e+00,5.430744754459546675e+04
6.399841277929974905e-03,4.606716577818525948e-04,2.170743485316698298e+03,1.994153630556117829e+00,6.153217093649307543e-05,1.086128330452626189e-01,1.885540797510855127e+00,5.535627369535850448e+04
6.278661247811164435e-03,4.433951328202123676e-04,2.255324711481394388e+03,1.994153578820377470e+00,5.922268756597514602e-05,1.086130484348659941e-01,1.885540530385511504e+00,5.642530042137070268e+04
6.159779954872321613e-03,4.267669736918167089e-04,2.343199126561594767e+03,1.994153528462440095e+00,5.699998018607513572e-05,1.086132558325196562e-01,1.885540272629920411e+00,5.751492450199378072e+04
6.043155244773229171e-03,4.107630444692977889e-04,2.434493592995911058e+03,1.994153479472724921e+00,5.486081257563783228e-05,1.086134555307523009e-01,1.885540023941972620e+00,5.862552701043365960e+04
5.928748413234028770e-03,3.953604567196178365e-04,2.529337426148263148e+03,1.994153431840037793e+00,5.280211596646849752e-05,1.086136478071115796e-01,1.885539784032926214e+00,5.975746789617230388e+04
5.816524299938097796e-03,3.805375173034919456e-04,2.627861786364851469e+03,1.994153385551889368e+00,5.082098200892178877e-05,1.086138329247676865e-01,1.885539552627121695e+00,6.091107961036943016e+04
5.706383899326201818e-03,3.662650163374081558e-04,2.730263485166671671e+03,1.994153340567350163e+00,4.891349840287158345e-05,1.086140112413384456e-01,1.885539329326011648e+00,6.208739448505498876e+04
5.598304281764548453e-03,3.525246041277130260e-04,2.836681435255846282e+03,1.994153296874957793e+00,4.707720496609879801e-05,1.086141829793323271e-01,1.885539113895625452e+00,6.328669813913815597e+04
5.492295818942209522e-03,3.393025546326589037e-04,2.947222136546056390e+03,1.994153254474379189e+00,4.531025990344528736e-05,1.086143483038607138e-01,1.885538906170518558e+00,6.450887563310891710e+04
5.388337251303675773e-03,3.265814961898039215e-04,3.062022838608149414e+03,1.994153213350359888e+00,4.361033465985166739e-05,1.086145074259721177e-01,1.885538705924387770e+00,6.575412702071131207e+04
5.286339123532610498e-03,3.143364309523555278e-04,3.181304810804992485e+03,1.994153173459395578e+00,4.197408211656923589e-05,1.086146606525588559e-01,1.885538512806836708e+00,6.702349948362789291e+04
5.186199801942148815e-03,3.025420268516487710e-04,3.305325909283833880e+03,1.994153134753026801e+00,4.039811111013284886e-05,1.086148082952216043e-01,1.885538326457805169e+00,6.831831597687251633e+04
5.088038016291765268e-03,2.911993271552670848e-04,3.434073868813582067e+03,1.994153097266605279e+00,3.888255515353476711e-05,1.086149503357314028e-01,1.885538146930873848e+00,6.963703367814143712e+04
4.991706728850832386e-03,2.802787378463067469e-04,3.567876777539788236e+03,1.994153060932086108e+00,3.742345444402774837e-05,1.086150871397580098e-01,1.885537973792328126e+00,7.098158698576307506e+04
4.897169908726141038e-03,2.697644042448654744e-04,3.706938292319318862e+03,1.994153025723868877e+00,3.601868545155040481e-05,1.086152189013417230e-01,1.885537806822527251e+00,7.235252518783097912e+04
4.804513356948781136e-03,2.596541638788529838e-04,3.851276579052168472e+03,1.994152991660276264e+00,3.466795427091730986e-05,1.086153456431700609e-01,1.885537646017106272e+00,7.374855178175757464e+04
4.713483979373394098e-03,2.499094365050469335e-04,4.001449541021253026e+03,1.994152958634694439e+00,3.336610193913148504e-05,1.086154678447788652e-01,1.885537490789915616e+00,7.517351364970672876e+04
4.624313397884024027e-03,2.405443302198051470e-04,4.157237874142440887e+03,1.994152926716710184e+00,3.211500883186748831e-05,1.086155853253363973e-01,1.885537341391373856e+00,7.662377526505441347e+04
4.536696282235711149e-03,2.315165094025628534e-04,4.319346393829700901e+03,1.994152895782209223e+00,3.090901514497102322e-05,1.086156986122258777e-01,1.885537197169983248e+00,7.810430433447808900e+04
4.450839648113675412e-03,2.228375240211910580e-04,4.487574542898365507e+03,1.994152865889340154e+00,2.974965990508277342e-05,1.086158075570365367e-01,1.885537058332303673e+00,7.961163323609947111e+04
4.366563320889481174e-03,2.144794843913500060e-04,4.662450596791579301e+03,1.994152836959503183e+00,2.863321382149858115e-05,1.086159125065199599e-01,1.885536924452983154e+00,8.114886924372125941e+04
4.283865401798572260e-03,2.064332275636404646e-04,4.844181393674688479e+03,1.994152808976852986e+00,2.755844948452570317e-05,1.086160135726434717e-01,1.885536795404209487e+00,8.271611270537416567e+04
4.202843166317443702e-03,1.986991487463729555e-04,5.032734192920159330e+03,1.994152781957824860e+00,2.652541633656790016e-05,1.086161107474350601e-01,1.885536671210389814e+00,8.431141672801917593e+04
4.123206756949784023e-03,1.912412060240953338e-04,5.228998607517699384e+03,1.994152755790177700e+00,2.552929721418929063e-05,1.086162044809699939e-01,1.885536551309207720e+00,8.594053404336921813e+04
4.045125305358581412e-03,1.840673478963328336e-04,5.432794091015003687e+03,1.994152730514330285e+00,2.457115088506929654e-05,1.086162946707597832e-01,1.885536435843570446e+00,8.760012283035565633e+04
3.968594887534913386e-03,1.771690361493938326e-04,5.644327145047920567e+03,1.994152706112247930e+00,2.364983414668242492e-05,1.086163814215847234e-01,1.885536324690663124e+00,8.929011905210455006e+04
3.893472780661955037e-03,1.705257644002422523e-04,5.864216492546503105e+03,1.994152682522384090e+00,2.276260560604807397e-05,1.086164649889494460e-01,1.885536217533434700e+00,9.101363343090687704e+04
3.819701813959725575e-03,1.641254850003326382e-04,6.092898979082823644e+03,1.994152659711889486e+00,2.190785386049236400e-05,1.086165455222243698e-01,1.885536114189665158e+00,9.277212615108344471e+04
3.747373496910814169e-03,1.579691899942226030e-04,6.330348342208837494e+03,1.994152637693649144e+00,2.108570908299592196e-05,1.086166230068229543e-01,1.885536014686826078e+00,9.456345054255479772e+04
3.676449810927317954e-03,1.520466972295686503e-04,6.576926814070441651e+03,1.994152616440075354e+00,2.029480926182660727e-05,1.086166975688663133e-01,1.885535918871209082e+00,9.638843256683701475e+04
3.606894357357366167e-03,1.463483338355331398e-04,6.833012537907019578e+03,1.994152595924597149e+00,1.953386056883730517e-05,1.086167693282205776e-01,1.885535826596376641e+00,9.824791726894897874e+04
3.538649647236030878e-03,1.408631040302754656e-04,7.099091042215509333e+03,1.994152576115106656e+00,1.880139268927677495e-05,1.086168384215640964e-01,1.885535737693542657e+00,1.001434096425555617e+05
3.471607097256867742e-03,1.355764935913050806e-04,7.375909890504300165e+03,1.994152556965968381e+00,1.809546567118918597e-05,1.086169050300726940e-01,1.885535651935895674e+00,1.020780799090537475e+05
3.405851277318100879e-03,1.304895459468546903e-04,7.663449150227531391e+03,1.994152538487277138e+00,1.741621713347622522e-05,1.086169691390311970e-01,1.885535569348245843e+00,1.040496082618806686e+05
3.341352533053848148e-03,1.255943245045409995e-04,7.962143225379933028e+03,1.994152520656180538e+00,1.676258566557140865e-05,1.086170308469407569e-01,1.885535489809239795e+00,1.060588345364142588e+05
3.278082823825850291e-03,1.208832918857538630e-04,8.272441827155853389e+03,1.994152503450745462e+00,1.613356328505347796e-05,1.086170902473813094e-01,1.885535413203364152e+00,1.081065973780792556e+05
3.216015728344380053e-03,1.163492907889640549e-04,8.594809587742256554e+03,1.994152486849940953e+00,1.552819287444724952e-05,1.086171474292457195e-01,1.885535339420695289e+00,1.101937289686713630e+05
3.155126457133897860e-03,1.119855261708657679e-04,8.929725422499828710e+03,1.994152470833613133e+00,1.494556578885887244e-05,1.086172024769540001e-01,1.885535268356659078e+00,1.123210487316289218e+05
3.095391871508446861e-03,1.077855485103196287e-04,9.277681598514644065e+03,1.994152455382464773e+00,1.438481961866114534e-05,1.086172554706593546e-01,1.885535199911805515e+00,1.144893558811375260e+05
3.036790510050049220e-03,1.037432382935410402e-04,9.639182432020334090e+03,1.994152440478035526e+00,1.384513610488900036e-05,1.086173064864357635e-01,1.885535133991599777e+00,1.166994206160585600e+05
2.979302623884243391e-03,9.985279155888537872e-05,1.001474254638417551e+04,1.994152426102681286e+00,1.332573920718603277e-05,1.086173555964542875e-01,1.885535070506227040e+00,1.189519737180866068e+05
2.922910221078373408e-03,9.610870658027792501e-05,1.040488458935525705e+04,1.994152412239555527e+00,1.282589331480355346e-05,1.086174028691439669e-01,1.885535009370411519e+00,1.212476943172097817e+05
2.867597121982245860e-03,9.250577160058170989e-05,1.081013630498393286e+04,1.994152398872590659e+00,1.234490160459875706e-05,1.086174483693427978e-01,1.885534950503247931e+00,1.235871954951668740e+05
2.813349026623894206e-03,8.903905364388009502e-05,1.123102682559489222e+04,1.994152385986485809e+00,1.188210454265949465e-05,1.086174921584332070e-01,1.885534893828052505e+00,1.259710073793030315e+05
2.760150293084215594e-03,8.570368335991673803e-05,1.166810994342509184e+04,1.994152373565924785e+00,1.143685115189968036e-05,1.086175342970507329e-01,1.885534839268873997e+00,1.283997109956637723e+05
2.707824739420413955e-03,8.248516063036337442e-05,1.212339276977649388e+04,1.994152361559397679e+00,1.100720491036168356e-05,1.086175749676079466e-01,1.885534786591789747e+00,1.308816462257416570e+05
2.656502465296506875e-03,7.938817821606658498e-05,1.259633389342117334e+04,1.994152349986711092e+00,1.059379146857441209e-05,1.086176141100624187e-01,1.885534735876648771e+00,1.334109752145712264e+05
2.606175665345210422e-03,7.640880420789475380e-05,1.308749705438627279e+04,1.994152338835395444e+00,1.019608517645444514e-05,1.086176517733759006e-01,1.885534687062019543e+00,1.359879840741861844e+05
2.556838756085485533e-03,7.354333702946913576e-05,1.359742487071664436e+04,1.994152328093666160e+00,9.813591176793286710e-06,1.086176880036411330e-01,1.885534640090025027e+00,1.386127809771790053e+05
2.508488529964119588e-03,7.078830028983684741e-05,1.412662821265071580e+04,1.994152317750420789e+00,9.445844717024234197e-06,1.086177228441468356e-01,1.885534594906273842e+00,1.412852588471757190e+05
